ID,categoria,subCategoria,tags
1161,Porta de Pavimento,Abas de desvio,"deve ser intaladas as abas de desvio, segurança"
8,Casa de Maquinas,Acesso,"escada, deposito"
11,Casa de Maquinas,Acesso,iluminaçao inoperante
13,Casa de Maquinas,Acesso,aviso entrada
14,Casa de Maquinas,Acesso,porta de material incombustível
18,Casa de Maquinas,Acesso,"escada, guarda corpo"
1094,Casa de Maquinas,Acesso,porta da casa de máquinas abrindo pra dentro
1165,Casa de Maquinas,Acesso,"abertura por dentro sem a chave, norma"
1183,Casa de Maquinas,Acesso,fechadura defeituosa
1187,Casa de Maquinas,Acesso,"casa de máquinas com dois níveis, acesso com escada móvel"
1191,Casa de Maquinas,Acesso,"altura não deve ser inferior a 2,0 m"
4,Casa de MaquinassCasa de Maquinas de MCasa de MaquinasquinCasa de Maquinass,Acesso,"abertura por dentro sem a chave, norma"
422,Caixa de Corrida,Acesso,abertura no painel de fechamento
423,Caixa de Corrida,Acesso,acesso sem fechamento
424,Caixa de Corrida,Acesso,"acesso sem circuitos de proteção, norma"
444,Caixa de Corrida,Acesso,acesso sem proteção
879,Caixa de Corrida,Acesso,"porta de acesso no topo, contato de segurança"
1166,Caixa de Corrida,Acesso,"portinhola de inspeção, abertura pelo lado interno sem a chave"
1008,Poço,Acesso,recomendação para instalação de tela de proteção
1172,Poço,Acesso,"falta escada de acesso, norma"
1175,Poço,Acesso,escada com o chumbador frouxo
1010,Porta de Pavimento,Água no Pavimento,"escorrimento de água, orientar funcionários"
793,Poço,Água no Poço,procedimento de manutenção
797,Poço,Água no Poço,"impossibilita acesso, regularização"
798,Poço,Água no Poço,"impossibilita acesso, regularização"
799,Poço,Água no Poço,"impossibilita acesso, regularização"
668,Cabine,Alarme,"alarme inoperante, norma"
39,Casa de Maquinas,Alçapão,"aterramento do alçapão, norma"
40,Casa de Maquinas,Alçapão,"aterramento do alçapão, aviso, norma"
54,Casa de Maquinas,Alçapão,como deve ser
1081,Casa de Maquinas,Alçapão,"explicação de como deve ser, norma"
1098,Casa de Maquinas,Alçapão,"Falta trava do alçapão, norma"
1195,Casa de Maquinas,Alçapão,deve suportar duas pessoas
741,Cabine,Alçapão,"contato eliminado, segurança"
748,Cabine,Alçapão,"contato eliminado, segurança"
478,Caixa de Corrida,Alinhamento,"contrapeso fora de prumo, desgaste"
493,Caixa de Corrida,Alinhamento,"fora de prumo, desgaste, regularização"
807,Poço,Amortecedores,"contato do nível de óleo falhando, regularização"
815,Poço,Amortecedores,"circuito inoperante, segurança"
821,Poço,Amortecedores,"de mola, sujeira"
823,Poço,Amortecedores,"recho roscado curto, segurança"
824,Poço,Amortecedores,"contato elétrico, haste não retorna"
825,Poço,Amortecedores,"faltam as camisas de proteção, sujeira, travamento"
828,Poço,Amortecedores,"nível de óleo baixo, regularização, segurança"
829,Poço,Amortecedores,"trecho roscado curto, irregular, segurança"
830,Poço,Amortecedores,"faltando camisas, sujeira, travados, substituição, segurança"
831,Poço,Amortecedores,"faltando camisas, sujeira, travados, substituição, segurança"
832,Poço,Amortecedores,"circuitos do amortecedor, norma"
834,Poço,Amortecedores,"circuitos suprimidos, segurança"
933,Poço,Amortecedores,óleo deteriorado
1011,Poço,Amortecedores,excesso de óleo no amortecedor
1055,Cabine,Aparelho de Segurança,"contato destampado, falha de funcionamento"
866,Quadro de Comando,Aparelho Seletor,"acúmulo de sujeira, compromete a sinalização"
449,Caixa de Corrida,Aspecto Físico,"emendas, falhas de funcionamento"
450,Caixa de Corrida,Aspecto Físico,"cabos arrebentados, fiações expostas"
451,Caixa de Corrida,Aspecto Físico,"cabos danificados, roçando nas vigas"
458,Caixa de Corrida,Aspecto Físico,"emendas, falhas de funcionamento, roçando nas quinas"
459,Caixa de Corrida,Aspecto Físico,isolamento danificado
1250,Caixa de Corrida,Aspecto Físico,Cabos danificados
503,Caixa de Corrida,Aspecto Físico,"oxidados, desajustados, manutenção"
506,Caixa de Corrida,Aspecto Físico,deformados devido a manuseio inadequado
507,Caixa de Corrida,Aspecto Físico,desgastados
540,Porta de Pavimento,Aspecto Físico,"desgastadas, oxidadas, valoriza o imóvel"
541,Porta de Pavimento,Aspecto Físico,"oxidadas, tratamento anticorrosivo"
552,Porta de Pavimento,Aspecto Físico,"oxidada, sujeira"
566,Porta de Pavimento,Aspecto Físico,"oxidadas, tratamento anticorrosivo"
573,Porta de Pavimento,Aspecto Físico,"painéis inox arranhados, depreciam, insegurança"
591,Porta de Pavimento,Aspecto Físico,mecanismos oxidados e ressecados
891,Porta de Pavimento,Aspecto Físico,"portas oxidadas, danificadas, tratamentos, substituição"
986,Porta de Pavimento,Aspecto Físico,"portas oxidadas, danificadas, tratamentos, substituição"
633,Cabine,Aspecto Físico,"velho, deprecia o imóvel, revitalização"
641,Cabine,Aspecto Físico,"desatualizado, desgastado, revitalização"
642,Cabine,Aspecto Físico,"desatualizado, desgastado, revitalização"
652,Cabine,Aspecto Físico,números ilegíveis
671,Cabine,Aspecto Físico,"descuidado, reparos improvisados, insegurança"
685,Cabine,Aspecto Físico,"parte inferior oxidada, tratamento anticorrosivo"
331,Quadro de Força,Aterramento,fiações frouxas nos terminais
333,Quadro de Força,Aterramento,"emendas improvisadas, curto circuitos"
1201,Quadro de Força,Aterramento,"falta aterramento do quadro, choques, regularização, NBR7192"
1220,Quadro de Força,Aterramento,"falta aterramento do quadro, choques, regularização"
356,Quadro de Comando,Aterramento,"Falta aterramento, norma"
1203,Caixa de Corrida,Aterramento,
658,Cabine,Aterramento,sujeira e óleo prejudicando o aterramento
1013,Caixa de Corrida,Barra de Fixação,falta a barra de fixação
1032,Cabine,Bateria de Emergência,"bateria de emergência eliminada, prédio com gerador, NM207"
1036,Máquina de Tração,Bobinas,"bobinas ligadas em paralelo, devem ser ligadas em série"
1065,Máquina de Tração,Bobinas,"freio com bobina simples, deve ser bobina dupla"
561,Porta de Pavimento,Borrachas Batente,"borrachas batentes danificadas, funcionamento ruidoso"
569,Porta de Pavimento,Borrachas Batente,borrachas batentes danificadas
586,Porta de Pavimento,Borrachas Batente,"faltam borrachas batentes, batidas ruidosas"
1406,Poço,Botão soco,"Inacessível, necessita segundo"
749,Cabine,Botoeira de Comando,"não atende a norma, norma"
750,Cabine,Botoeira de Comando,"não atende a norma, biestáveis, tipo soco, norma"
751,Cabine,Botoeira de Comando,"recomendação de substituição, tipo soco"
752,Cabine,Botoeira de Comando,"não opera em baixa, regularização"
753,Cabine,Botoeira de Comando,"não executa subida, inadequada"
754,Cabine,Botoeira de Comando,"não possui identificação para operação, segurança"
755,Cabine,Botoeira de Comando,"não atende a norma, biestáveis, norma"
756,Cabine,Botoeira de Comando,"proteção da fiação, acidentes"
757,Cabine,Botoeira de Comando,"não atende a norma, acionamento apenas por um botão"
872,Cabine,Botoeira de Comando,"não atende a norma, tipo soco, norma"
1084,Cabine,Botoeira de Comando,o elevador não sobe em inspeção
1085,Cabine,Botoeira de Comando,"falta o botão comum, norma"
1499,Cabine,Cabine,cabina sem interfone
1535,,"cabine, óleo no topo","óleo derramado em cima da cabine, técnicos pisando e espalhando o óleo"
302,Freio de Segurança,Cabo do Limitador,"oxidação e ressecamento devido a infiltração no poço, substituição e testes"
307,Freio de Segurança,Cabo do Limitador,desgaste prematuro
308,Freio de Segurança,Cabo do Limitador,"quebras de arame localizadas, substituição"
309,Freio de Segurança,Cabo do Limitador,"deformação devido a manuseio inadequado, esmagamento, substituição do cabo"
310,Freio de Segurança,Cabo do Limitador,"quebras localizadas, OK"
312,Freio de Segurança,Cabo do Limitador,"cabo do limitador roçando na laje, danos irreparáveis, regularização"
314,Freio de Segurança,Cabo do Limitador,"cabo com acúmulo de sujeira e graxa, limpeza"
842,Poço,Cabo do Limitador,"roçando na polia, danos, alinhamento"
568,Porta de Pavimento,Cabos de Arraste,cabo de arraste com arames quebrados
570,Porta de Pavimento,Cabos de Arraste,"cabos de arraste ressecados, oxidados, substituição"
571,Porta de Pavimento,Cabos de Arraste,"cabo fixado de forma improvisada, condenável"
572,Porta de Pavimento,Cabos de Arraste,"cabo com arames quebrados, oxidado, substituição"
846,Poço,Cabos de Compensação,"desajustados, desgastados, sujos"
421,Caixa de Corrida,Cabos de Manobra,no percurso do elevador
426,Caixa de Corrida,Cabos de Manobra,suporte para os cabos
3,Máquina de Tração,Cabos de Tração,"Presilha, fixada errada, cabo"
60,Máquina de Tração,Cabos de Tração,"estragulamento de seção, substituição dos cabos"
62,Máquina de Tração,Cabos de Tração,falta trava de segurança
63,Máquina de Tração,Cabos de Tração,"falta marca indicativa, norma"
64,Máquina de Tração,Cabos de Tração,pontos de oxidação indicando o esgotamento da lubrificação interna; limpeza e relubrificação
66,Máquina de Tração,Cabos de Tração,grampos de fixação montados invertidos
68,Máquina de Tração,Cabos de Tração,excesso de lubrificante dos cabos de tração gotejando sobre os componentes na caixa de corrida
79,Máquina de Tração,Cabos de Tração,"cabos totalmente consumidos por oxidações, substituição imediata do conjunto"
86,Máquina de Tração,Cabos de Tração,"abertura excessiva, norma"
87,Máquina de Tração,Cabos de Tração,"quebras de arame ainda em número insignificante, acompanhamento"
88,Máquina de Tração,Cabos de Tração,"falta separador de cabos, explicação, vibração"
93,Máquina de Tração,Cabos de Tração,"cabos com arames quebrados ao entorno de nódulos, descarte e substituição"
96,Máquina de Tração,Cabos de Tração,excesso de sujeira e lubrificante impedindo a inspeção adequada. Limpeza e reinspeção
98,Máquina de Tração,Cabos de Tração,"arames quebrados, polia desgastada, substituição"
99,Máquina de Tração,Cabos de Tração,"excesso de sujeira nos cabos, limpeza e reinspeção"
102,Máquina de Tração,Cabos de Tração,"acúmulo de lubrificante e sujeira, a lubrificação deve ser mantida nas condições originais, película"
185,Máquina de Tração,Cabos de Tração,"inspecionado, ok, recomendações de uso"
190,Máquina de Tração,Cabos de Tração,um cabo frouxo causando desgaste prematuro; equalização do tensionamento
980,Máquina de Tração,Cabos de Tração,"faltam as molas, equalização do tensionamento, conforto, norma"
995,Máquina de Tração,Cabos de Tração,"falta de relubrificação, e consequencias da falta de lubrificação"
1004,Máquina de Tração,Cabos de Tração,"cabos funcionando torcidos e com variação no tensionamento, regularização"
1040,Máquina de Tração,Cabos de Tração,"uma das pernas rompidas, substituição"
1058,Máquina de Tração,Cabos de Tração,cabos roçando contra o piso
1091,Máquina de Tração,Cabos de tração,"cabos de tração deformados devido a manuseio inadequado, substituição"
1164,Máquina de Tração,Cabos de Tração,variação no tensionamento dos cabos causando desgaste prematuro; equalização do tensionamento
1196,Máquina de Tração,Cabos de Tração,"cabos com arames quebrados, nódulos, descarte e substituição"
1500,Caixa de Corrida,caixa de corrida,"sujeira e poeira geral, construção, na caixa de corrida do elevador"
604,Porta de Pavimento,Chapa Tapa Vista,"dificultando a manutenção, retirada"
947,Porta de Pavimento,Chapa Tapa Vista,fecho eletromecânico roçando na chapa tapa vista
763,Cabine,Chapa Tapa Vista,amassada
775,Cabine,Chapa Tapa Vista,"oxidadas, tratamento anticorrosivo"
782,Cabine,Chapa Tapa Vista,"falta instalar, segurança"
377,Quadro de Comando,Chaves Contatoras,"contatos desgastados, mal funcionamento"
378,Quadro de Comando,Chaves Contatoras,ok
379,Quadro de Comando,Chaves Contatoras,"contatos desgastados, mal funcionamento"
1022,Quadro de Comando,Chaves Contatoras,"um chave desregulada, desgaste"
272,Freio de Segurança,Chaveta do Redutor,"soltando, segurança"
511,Porta de Pavimento,Circuitos das Portas,"engastes desajustados, falta boa conservação"
618,Porta de Pavimento,Circuitos das Portas,"fiações esmagadas, curtos, falso travamento"
622,Porta de Pavimento,Circuitos das Portas,"fiações expostas, norma"
104,Máquina de Tração,Conjunto do Freio,"freio desregulado, pancadas"
105,Máquina de Tração,Conjunto do Freio,"ruídos na bobina de acionamento devido a travamento de componente mecânico, revisão"
110,Máquina de Tração,Conjunto do Freio,"vazamento de óleo comprometendo as condições de frenagem, manutenção"
111,Máquina de Tração,Conjunto do Freio,falta alavanca de acionamento
112,Máquina de Tração,Conjunto do Freio,falta tampa dos terminais
114,Máquina de Tração,Conjunto do Freio,"balacas, travas, danificadas"
115,Máquina de Tração,Conjunto do Freio,lonas desgastadas
118,Máquina de Tração,Conjunto do Freio,"falta lubrificação das articulações das sapatas do freio, regularização"
940,Máquina de Tração,Conjunto do Freio,"interligação dos circuitos inadequada, partida com freio aberto"
1197,Máquina de Tração,Conjunto do Freio,falta regularizar os circuitos de segurança
119,Máquina de Tração,Conjunto Redutor,transbordamento de óleo pelo indicador de nível
125,Máquina de Tração,Conjunto Redutor,"vazamento, uso de veda-juntas"
127,Máquina de Tração,Conjunto Redutor,"vazamento de óleo insignificante, reaperto e limpeza"
129,Máquina de Tração,Conjunto Redutor,"vazamento de óleo pelo redutor, acompanhamento e manutenção"
131,Máquina de Tração,Conjunto Redutor,"nível de óleo na máquina abaixo do recomendado, normalização do nível"
132,Máquina de Tração,Conjunto Redutor,"está ocorrendo arraste de óleo e lubrificação adequada, ok"
276,Freio de Segurança,Contato de Segurança,"sucata calçando contato, segurança"
287,Freio de Segurança,Contato de Segurança,"contato elétrico inoperante, regularização"
464,Caixa de Corrida,Corrediças,"articulações folgadas, ruídos"
466,Caixa de Corrida,Corrediças,"ressecadas, sujas, funcionamento pesado e ruidoso"
467,Caixa de Corrida,Corrediças,"desgastadas, folgas, segurança"
468,Caixa de Corrida,Corrediças,"desgastadas, folgas, segurança"
469,Caixa de Corrida,Corrediças,sujeira
480,Caixa de Corrida,Corrediças,"mancais fora de posição, desgaste"
499,Caixa de Corrida,Corrediças,"folgadas, desgastadas"
554,Porta de Pavimento,Corrediças,"frouxas, danificadas, segurança"
1047,Porta de Pavimento,Corrediças,"porta corrediça solta, acidentes"
692,Cabine,Corrediças,ok
697,Cabine,Corrediças,"ressecadas, sujas, funcionamento pesado e ruidoso"
698,Cabine,Corrediças,"estopas, travamento, condenável"
700,Cabine,Corrediças,"frouxas, balanços, colisão"
705,Cabine,Corrediças,"porta corrediça quebrado, vibrações"
996,Caixa de Corrida,Corrente de Compensação,escape do pino da suspenção da corrente de compensação
855,Poço,Deslize do Contrapeso,"abaixo do mínimo, segurança, regularização"
856,Poço,Deslize do Contrapeso,ok
514,Porta de Pavimento,Dispositivo de Abertura,"abertura possível através de chaves normais, norma"
515,Porta de Pavimento,Dispositivo de Abertura,"dispositivo tampado com papel, regularização"
526,Porta de Pavimento,Dispositivo de Abertura,falta guia do dispositivo de abertura
527,Porta de Pavimento,Dispositivo de Abertura,"não se consegue abrir a porta, falta alavanca"
529,Porta de Pavimento,Dispositivo de Abertura,"falta alavanca, regularização"
530,Porta de Pavimento,Dispositivo de Abertura,ok
531,Porta de Pavimento,Dispositivo de Abertura,"etiqueta, sinalização, norma"
532,Porta de Pavimento,Dispositivo de Abertura,"chave deve ser especial, norma"
533,Porta de Pavimento,Dispositivo de Abertura,fechaduras a mais
534,Porta de Pavimento,Dispositivo de Abertura,"chave deve ser especial, norma"
535,Porta de Pavimento,Dispositivo de Abertura,"chave deve ser especial, regularização"
536,Porta de Pavimento,Dispositivo de Abertura,"chave deve ser especial, regularização"
537,Porta de Pavimento,Dispositivo de Abertura,falta ilhós de seguranaç
538,Porta de Pavimento,Dispositivo de Abertura,chave deve ser especial
542,Porta de Pavimento,Dispositivo de Abertura,"componentes danificados, falhas de funcionamento"
547,Porta de Pavimento,Dispositivo de Abertura,instalação precária
576,Porta de Pavimento,Dispositivo de Abertura,roletes travados com sucata
599,Porta de Pavimento,Dispositivo de Abertura,"roletes danificados, falhas, sucateamento"
867,Porta de Pavimento,Dispositivo de Abertura,"fora de posição, impedindo abertura para resgate"
596,Porta de Pavimento,Dispositivo de Arraste,"rolete danificado, prender passageiros"
597,Porta de Pavimento,Dispositivo de Arraste,"trava substituida por arame, sucateamento"
598,Porta de Pavimento,Dispositivo de Arraste,"tubo condutor do peso solto, travamento"
607,Porta de Pavimento,Dispositivo de Arraste,roletes danificados
868,Porta de Pavimento,Dispositivo de Arraste,"cabo de arraste roçando na fiação, curto, segurança"
135,Máquina de Tração,Dispositivo de Resgate,"suporte, fixação improvisada"
136,Máquina de Tração,Dispositivo de Resgate,falta dispositivo de operação manual de emergência
202,Máquina de Tração,Dispositivo de Resgate,"falta dispositivo impedindo funcionamento, norma"
203,Máquina de Tração,Dispositivo de Resgate,encoder instalado no eixo do motor impedindo a instalação do volante de resgate
388,Quadro de Comando,Elementos Eletrônicos,terminais do transformador derretidos
392,Quadro de Comando,Elementos Eletrônicos,"emendas improvisadas, curto circuitos"
393,Quadro de Comando,Elementos Eletrônicos,capacitores deteriorados
398,Quadro de Comando,Elementos Eletrônicos,"capacitores em paralelo, fixação improvisada"
1054,Quadro de Comando,Estrutura,"chumbadores soltos, queda do quadro"
1067,Quadro de Comando,Estrutura,quadro solto na base
58,Casa de Maquinas,Extintor de Incêndio,recomendação instalação extintor de incêndio
521,Porta de Pavimento,Fechamento Automático,"deve haver fechamento automático, norma"
522,Porta de Pavimento,Fechamento Automático,"limpeza, regulagem para possibilitar o fechamento"
539,Porta de Pavimento,Fechamento Automático,"mola rompida, regularização"
549,Porta de Pavimento,Fechamento Automático,"mecanismos desregulados, não fazem fechamento"
550,Porta de Pavimento,Fechamento Automático,portas de eixo vertical que não fecham quando soltas
558,Porta de Pavimento,Fechamento Automático,"deve haver, norma"
559,Porta de Pavimento,Fechamento Automático,"deve haver, norma, plaqueta"
560,Porta de Pavimento,Fechamento Automático,"deve haver, norma"
565,Porta de Pavimento,Fechamento Automático,"comprometido, cabos de arraste ressecados"
600,Porta de Pavimento,Fechamento Automático,"comprometido, regulagem"
543,Porta de Pavimento,Fechos Eletromecânicos,Definição
546,Porta de Pavimento,Fechos Eletromecânicos,"folgas, falhas de funcionamento, regularização"
577,Porta de Pavimento,Fechos Eletromecânicos,"desajustados, impedem o fechamento automático"
583,Porta de Pavimento,Fechos Eletromecânicos,"sem tampa, contato acidental, sujeira"
590,Porta de Pavimento,Fechos Eletromecânicos,calçados com sucata
608,Porta de Pavimento,Fechos Eletromecânicos,"contatos carbonizados, mau contato, falhas"
610,Porta de Pavimento,Fechos Eletromecânicos,"contatos carbonizados, mau contato, falhas"
612,Porta de Pavimento,Fechos Eletromecânicos,falso travamento por acúmulo de sujeira
613,Porta de Pavimento,Fechos Eletromecânicos,"braço com folga, falhas de funcionamento"
615,Porta de Pavimento,Fechos Eletromecânicos,"articulações presas, impede a partida do elevador"
616,Porta de Pavimento,Fechos Eletromecânicos,"desregulados, falso travamento, norma"
617,Porta de Pavimento,Fechos Eletromecânicos,"ferrolhos não chanfrados, inadequado"
619,Porta de Pavimento,Fechos Eletromecânicos,falha no contato elétrico
620,Porta de Pavimento,Fechos Eletromecânicos,"faltando mola interna, impede o funcionamento"
621,Porta de Pavimento,Fechos Eletromecânicos,"faltando haste de acionamento, emergência"
623,Porta de Pavimento,Fechos Eletromecânicos,"ferrolhos não chanfrados, inadequado, norma"
626,Porta de Pavimento,Fechos Eletromecânicos,Definição
627,Porta de Pavimento,Fechos Eletromecânicos,"irregular, travamento em 7mm, norma"
630,Porta de Pavimento,Fechos Eletromecânicos,"irregular, travamento em 7mm, norma"
351,Quadro de Comando,Fiações,"fiações expostas, pisoteio"
352,Quadro de Comando,Fiações,"improvisadas, frouxas, emendas, regularização"
361,Quadro de Comando,Fiações,"desarranjo, revisão geral"
380,Quadro de Comando,Fiações,"fiações frouxas, falhas de funcionamento"
401,Quadro de Comando,Fiações,terminal do ventilador frouxo
405,Quadro de Comando,Fiações,"frouxas, emendadas, mau funcionamento"
959,Quadro de Comando,Fixação,chumbadores soltos
972,Quadro de Comando,Fixação,quadro solto na base
463,Caixa de Corrida,Fixação,"calço fora de posição, colisões"
465,Caixa de Corrida,Fixação,"chapas soltas, ruídos"
481,Caixa de Corrida,Fixação,"pesos frouxos, ruídos"
482,Caixa de Corrida,Fixação,"pesos frouxos, ruídos, limpeza"
483,Caixa de Corrida,Fixação,"soltos, mal fixados, segurança"
490,Caixa de Corrida,Fixação,parafuso frouxo
495,Caixa de Corrida,Fixação,"pesos soltos, norma"
501,Caixa de Corrida,Fixação,falta trava de segurança
901,Caixa de Corrida,Fixação,escape do pino da suspenção da corrente de compensação
1170,Caixa de Corrida,Fixação,"falta fixação dos contrapesos, norma"
505,Caixa de Corrida,Fixação,falta dupla laçada
509,Caixa de Corrida,Fixação,falta trava de segurança
680,Cabine,Fixação da Cabina,"mordentes desgastados e frouxos, oscilação, colisão"
682,Cabine,Fixação da Cabina,"suspensão ressecada, ruídos"
688,Cabine,Fixação da Cabina,"faltam borrachas mordentes, deslocamentos, torções"
689,Cabine,Fixação da Cabina,"devidamente fixada, ok"
690,Cabine,Fixação da Cabina,"mordentes folgados, movimentações, substituição"
387,Quadro de Comando,Fonte,tensão da fonte irregular
645,Cabine,Fonte de Emergência,"danificada, segurança"
659,Cabine,Fonte de Emergência,"falta fonte, segurança"
638,Cabine,Freio de Segurança,"cabina carregada para teste, ok"
702,Cabine,Freio de Segurança,"estopa calçando alavanca, travamento, acidente"
703,Cabine,Freio de Segurança,"sujo, limpeza, reajuste, teste"
704,Cabine,Freio de Segurança,"cabo do tambor deformado, livre movimentação"
706,Cabine,Freio de Segurança,"testado, ok"
707,Cabine,Freio de Segurança,"testado, ok"
708,Cabine,Freio de Segurança,"contato sem tampa, sujeira, falhas de funcionamento"
709,Cabine,Freio de Segurança,"sujeira, manutenção, teste"
710,Cabine,Freio de Segurança,falta placa indicativa
711,Cabine,Freio de Segurança,"estopa, travamento, regularização"
714,Cabine,Freio de Segurança,"funcionamento pesado, lubrificação"
715,Cabine,Freio de Segurança,"oxidação, pesado, limpeza, regulagem, lubrificação"
717,Cabine,Freio de Segurança,lambuzados de graxa
718,Cabine,Freio de Segurança,"alavanca amarrada com arame, segurança"
719,Cabine,Freio de Segurança,"cabo do tambor desenrolado, freio inoperante, segurança"
721,Cabine,Freio de Segurança,"falta lubrificação, limpeza, manutenção, teste"
722,Cabine,Freio de Segurança,"sujeira, limpeza, ajuste, teste"
723,Cabine,Freio de Segurança,"sujeira, limpeza, ajuste, teste"
724,Cabine,Freio de Segurança,ok
725,Cabine,Freio de Segurança,"oxidação, pesado, limpeza, regulagem, lubrificação"
726,Cabine,Freio de Segurança,"manutenção, limpeza, oxidação, lubrificação, teste"
727,Cabine,Freio de Segurança,"sujeira, manutenção, teste"
728,Cabine,Freio de Segurança,"pesado, ressecado, teste"
729,Cabine,Freio de Segurança,limpeza geral
730,Cabine,Freio de Segurança,ok
731,Cabine,Freio de Segurança,placa indicativa
732,Cabine,Freio de Segurança,"manutenção, limpeza, regularização, teste, segurança"
733,Cabine,Freio de Segurança,"manutenção, limpeza, teste"
734,Cabine,Freio de Segurança,explicação do mecanismo
735,Cabine,Freio de Segurança,"tambor do freio, resistente a corrosão"
736,Cabine,Freio de Segurança,"cabo de acionamento desenrolado, inoperante, segurança"
939,Cabine,Freio de Segurança,"sujeira no freio, incrustações, falta de limpeza"
404,Quadro de Comando,Fusíveis,"fusíveis reforçados, queimas"
878,,Genérica,"componentes de segurança, perfeitas condições"
880,,Genérica,"remendas, condenável, sucateamento, perfeitas condições."
881,,Genérica,"adulteração de circuitos de segurança, condenável, segurança, perfeitas condições"
1168,,Genérica,"avisos e instruções devem ser redigidos no idioma/língua do país, norma"
1209,,Genérica,"reparos improvisados, sucateamento"
1234,,Genérica,tipos de falhas elétricas para as quais o elevador deve estar protegido
1235,,Genérica,o defeito de derivação a massa deve parar imediatamente o funcionamento do elevador
1236,,Genérica,"dispositivos elétricos de segurança, contato, deve interromper o funcionamento do elevador quando acionado"
1237,,Genérica,os contatos de segurança DEVEM ser de separação positiva (ser normalmente fechados)
1239,,Genérica,problema do uso de molas em contatos de segurança
1240,,Genérica,"combinação de duas falhas elétricas, comentário sobre item da norma"
1242,,Genérica,dispositivos elétricos de segurança acessiveis a pessoas
1213,,Genéricas,os cabos devem ser instalados em conduítes ou canaletas
138,Máquina de Tração,Geral,"vista geral, explicação do mecanismo"
141,Máquina de Tração,Geral,óleo vazando da máquina escorrendo sobre o piso e indo para a caixa de corrida
209,Máquina de Tração,Geral,borrachas de acoplamento danificadas
864,Máquina de Tração,Geral,"ruidos acentuados, recomendação de paralização"
922,Máquina de Tração,Geral,"poeira arrastada para a parte interna, consequências"
931,Máquina de Tração,Geral,"nível de óleo muito baixo, consequências, manutenção"
1189,Máquina de Tração,Geral,"norma, acesso à máquina, dimensões"
1199,Máquina de Tração,Geral,partes móveis sem proteção
208,Máquina de Tração,Geral,"vibrações no motor, consequencias, balanceamento"
210,Máquina de Tração,Geral,"borrachas danificadas, óleo, vazamento"
214,Máquina de Tração,Geral,"coletores, desgaste"
217,Máquina de Tração,Geral,"escovas do motor desgastadas, substituição das escovas"
221,Máquina de Tração,Geral,"o motor foi inspecionado, nao constatamos irregularidades"
17,Casa de Maquinas,Geral,vista geral
20,Casa de Maquinas,Geral,"melhoria da ventilação, tiristores"
22,Casa de Maquinas,Geral,"uso exclusivo,  norma"
23,Casa de Maquinas,Geral,vista geral
51,Casa de Maquinas,Geral,obras inacabadas
899,Casa de Maquinas,Geral,"modernização na fase inicial, serviços pendentes"
994,Casa de Maquinas,Geral,"modernização na fase inicial, serviços pendentes"
1066,Casa de Maquinas,Geral,"recebimento, limpeza e organização geral, ótima nota"
1092,Casa de Maquinas,Geral,acúmulo de resíduos de construção civil na máquina
1184,Casa de Maquinas,Geral,"uso exclusivo, norma"
255,Freio de Segurança,Geral,abertura excessiva no piso
258,Freio de Segurança,Geral,explicação do mecanismo
269,Freio de Segurança,Geral,OK
271,Freio de Segurança,Geral,velocidade de desarme abaixo do permitido por norma
280,Freio de Segurança,Geral,"limitador de bolas, falta lubrificação do colar, atrito metal com metal, limalha"
289,Freio de Segurança,Geral,"desajustado, falhas, manutenção"
291,Freio de Segurança,Geral,"acúmulo de sujeira no limitador, manutenção, limpeza e teste"
293,Freio de Segurança,Geral,"contatos de segurança montado em posição incorreta impedindo sua atuação, reposicionamento"
298,Freio de Segurança,Geral,mordente incapaz de acionar o freio de segurança; ajustes e testes
300,Freio de Segurança,Geral,"lacre adulterado, teste"
304,Freio de Segurança,Geral,"sucata como trava de segurança, descaracterização"
320,Cabine,Geral,"bateria inoperante, NM7192"
323,Cabine,Geral,"bateria inoperante, consequências, NM207"
324,Cabine,Geral,"falta bateria, NM7192"
329,Quadro de Força,Geral,tampa solta
332,Quadro de Força,Geral,"indícios de ocorrencia de curto, danos aos terminais"
336,Quadro de Força,Geral,explicação do mecanismo
337,Quadro de Força,Geral,"travamento mecânico, norma"
338,Quadro de Força,Geral,"cabos roçando nas quinas, curto circuito"
340,Quadro de Força,Geral,falta contato de segurança
342,Quadro de Força,Geral,"fiação frouxa, falha de funcionamento"
343,Quadro de Força,Geral,quadro de força pela NBR 7192
348,Quadro de Força,Geral,"fusíveis jumpeados, substituição"
958,Quadro de Força,Geral,"falta proteção de corrente do circuito dos carros, interruptor DR"
975,Quadro de Força,Geral,orientação para dimensionamento dos fusíveis quando se instala novo quadro com inversor de frequência
1211,Quadro de Força,Geral,como devem ser os interruptores principais
1214,Quadro de Força,Geral,"interruptor principal cortando alimentação de outros circuitos (iluminação da cabina), norma proíbe"
1215,Quadro de Força,Geral,Comentário sobre alimentação dos circuitos de potência dos elevadores a partir do quadro de entrada de força (entrada de energia do prédio)
1244,Quadro de Força,Geral,orientação para dimensionamento dos fusíveis quando se instala novo quadro com inversor de frequência
350,Quadro de Comando,Geral,"superaquecimento, sistema obsoleto, substituição"
353,Quadro de Comando,Geral,"sistema obsoleto, substituição"
354,Quadro de Comando,Geral,"sistema obsoleto, substituição"
355,Quadro de Comando,Geral,"falta espaço ao redor, norma"
357,Quadro de Comando,Geral,regularização do sistema de ventilação
358,Quadro de Comando,Geral,equipamento descaracterizado
360,Quadro de Comando,Geral,explicação do mecanismo
363,Quadro de Comando,Geral,"explicação do mecanismo, relés"
365,Quadro de Comando,Geral,"relés, substituição por inversores"
366,Quadro de Comando,Geral,Obrigatoriedade dos esquemas elétricos
367,Quadro de Comando,Geral,Obrigatoriedade dos esquemas elétricos
369,Quadro de Comando,Geral,"tiristores, modernização para inversores"
370,Quadro de Comando,Geral,"tiristores, modernização para inversores"
371,Quadro de Comando,Geral,"quadro importado, ponderando substituição"
372,Quadro de Comando,Geral,falta manobra de operação elétrica
373,Quadro de Comando,Geral,circuito brake pick failure
374,Quadro de Comando,Geral,"circuito brake pick failure, acaiaca"
375,Quadro de Comando,Geral,"adulteração de fusiveis, segurança"
376,Quadro de Comando,Geral,"fusível jumpeado, esquema elétrico"
389,Quadro de Comando,Geral,vantagens da modernização
390,Quadro de Comando,Geral,adulteração de circuitos
391,Quadro de Comando,Geral,auto diagnóstico inoperante
394,Quadro de Comando,Geral,auto diagnóstico inoperante
399,Quadro de Comando,Geral,sujeira
400,Quadro de Comando,Geral,"sujeira, mau funcionamento, relés sem tampa"
889,Quadro de Comando,Geral,"ligações com soldas frias, falhas"
910,Quadro de Comando,Geral,"tiristores, aquecimento excessivo"
926,Quadro de Comando,Geral,"componentes soltos, sucatas"
930,Quadro de Comando,Geral,resíduos de construção civil
1003,Quadro de Comando,Geral,ok
1005,Quadro de Comando,Geral,"explicação corrente retificada, aquecimento"
1089,Quadro de Comando,Geral,"poeira, sujeira nos módulos, poeira de cimento, corrosão"
1190,Quadro de Comando,Geral,"fácil acesso ao quadro, dimensões"
410,Quadro de Comando,Geral,acúmulo de limalha
411,Quadro de Comando,Geral,"desgaste dos pinos, mau funcionamento"
413,Quadro de Comando,Geral,acúmulo de sujeira
414,Quadro de Comando,Geral,explicação do mecanismo
415,Quadro de Comando,Geral,acúmulo de sujeira
416,Caixa de Corrida,Geral,"sucatas, acidente, regularização"
419,Caixa de Corrida,Geral,passagem para tubulação
425,Caixa de Corrida,Geral,"calhas oxidadas, tratamento anticorrosivo"
428,Caixa de Corrida,Geral,"resíduo de construção civil, desgaste"
430,Caixa de Corrida,Geral,"aberturas para o lado externo, norma"
431,Caixa de Corrida,Geral,abertura da passagem de cabos
432,Caixa de Corrida,Geral,"limpeza, recuperação, modernização"
433,Caixa de Corrida,Geral,descrição do mecanismo
437,Caixa de Corrida,Geral,reboco soltando
438,Caixa de Corrida,Geral,"sujeira, contaminação"
439,Caixa de Corrida,Geral,"sujeira, funcionamento pesado"
440,Caixa de Corrida,Geral,infiltração na caixa devido a obra civil
441,Caixa de Corrida,Geral,infiltração na caixa
442,Caixa de Corrida,Geral,obra civil inacabada
443,Caixa de Corrida,Geral,"obra civil inacabada, pintura de cor clara"
445,Caixa de Corrida,Geral,"sujeira, contaminação, manutenção"
876,Caixa de Corrida,Geral,"elevadores muito próximo do teto, colisão, segurança"
461,Caixa de Corrida,Geral,"fixação dos pesos frouxa, ruídos"
484,Caixa de Corrida,Geral,"falta limpeza, manutenção"
485,Caixa de Corrida,Geral,"falta limpeza, manutenção"
486,Caixa de Corrida,Geral,"falta limpeza, manutenção"
492,Caixa de Corrida,Geral,ok
494,Caixa de Corrida,Geral,falta limpeza e pintura
496,Caixa de Corrida,Geral,"rebalanceamento cabina-contrapeso, novos pesos, ok"
497,Caixa de Corrida,Geral,falta rebalanceamento cabina-contrapeso
498,Caixa de Corrida,Geral,"sujeira, funcionamento pesado manutenção"
500,Caixa de Corrida,Geral,ok
1256,Caixa de Corrida,Geral,contrapeso enforcado combinado com guias sem lubrificação (lubrificadores automáticos vazios)
504,Caixa de Corrida,Geral,falta abafador de ruídos nos elos
523,Porta de Pavimento,Geral,Definição
525,Porta de Pavimento,Geral,ok
528,Porta de Pavimento,Geral,fechaduras a mais
555,Porta de Pavimento,Geral,"portas batendo, regular o ditador"
564,Porta de Pavimento,Geral,sucateamento
567,Porta de Pavimento,Geral,"portas pantográficas, obsoletas, substituição"
574,Porta de Pavimento,Geral,"contatos cobertos com pintura, mau contato"
575,Porta de Pavimento,Geral,roletes de borracha danificados
580,Porta de Pavimento,Geral,obras civis inacabadas nos batentes
582,Porta de Pavimento,Geral,falta numeração da porta de pavimento
585,Porta de Pavimento,Geral,"falta aterramento das portas, norma"
588,Porta de Pavimento,Geral,haste de acionamento dos fechos desregulada
589,Porta de Pavimento,Geral,forçamento manual paralizando o elevador
603,Porta de Pavimento,Geral,Definição
606,Porta de Pavimento,Geral,"portas batendo, regular o ditador"
611,Porta de Pavimento,Geral,"fiações expostas, norma"
915,Porta de Pavimento,Geral,água de limpeza escorrendo nos pavimentos
1031,Porta de Pavimento,Geral,interruptor montado ao contrário
1042,Porta de Pavimento,Geral,mecanismos roçando na chapa tapa-vistas
632,Cabine,Geral,ok
646,Cabine,Geral,"numeração incorreta, equívocos"
662,Cabine,Geral,"regularizar sistemas de segurança, fundamentais"
663,Cabine,Geral,"regularizar sistemas de segurança, fundamentais"
669,Cabine,Geral,botão para fechamento inoperante
676,Cabine,Geral,"falta braile, legislação municipal"
678,Cabine,Geral,"dispositivos de emergência inoperantes, fundamental"
681,Cabine,Geral,"pequena folga entre cabina e contrapeso, norma"
687,Cabine,Geral,"portinhola de salvamento, recomendação"
691,Cabine,Geral,"peso abandonado, retirar, verificar balanceamento"
742,Cabine,Geral,"contatos, sujeira, travamento, falha de funcionamento"
771,Cabine,Geral,"cabina, definição"
873,Cabine,Geral,"cabina enforcada entre as guias, sobrecarga"
874,Cabine,Geral,"folga nas guias, colisão"
935,Cabine,Geral,desarranjo geral na parte superior da cabina
969,Cabine,Geral,"vista da parte superior, ok"
1176,Cabine,Geral,faltam os dispositivos de emergência de dentro da cabina
1252,Cabine,Geral,"piso de granito sobreposto ao piso da cabina, degrau"
803,Poço,Geral,vista geral
811,Poço,Geral,"instalações elétricas e botão tipo soco, norma"
871,Poço,Geral,"não há divisória entre os poços, norma"
913,Poço,Geral,"acesso, instalação de tela de proteção no portão"
974,Poço,Geral,indícios de infiltração
1177,Poço,Geral,sujeira  e óleo geral
1391,,Geral,pendencia foi regularizada durante inspeção
647,Cabine,Guarda Corpo,deve existir guarda corpo
650,Cabine,Guarda Corpo,falta rodapé e barra intermediária
675,Cabine,Guarda Corpo,"deve existir guarda corpo, quedas"
954,Cabine,Guarda Corpo,"falta guarda corpo, norma"
1049,Cabine,Guarda Corpo,"falta rodapé, norma"
446,Caixa de Corrida,Guias,fixação frouxa
462,Caixa de Corrida,Guias,fixa
471,Caixa de Corrida,Guias,"limpeza, lubrificação, aquecimento do motor"
1253,Caixa de Corrida,Guias,contrapesos viajando enforcados nas entre guias
893,Cabine,Guias,rolos de guias devem ser substituidos
1549,,"guias, contrapeso",guias do contrapeso sem lubrificação adequada
651,Cabine,Iluminação,luminárias soltas
661,Cabine,Iluminação,"iluminação fraca, norma"
665,Cabine,Iluminação,"faltam luminárias, iluminação mínima, norma"
639,Cabine,Iluminação de Emergência,"falta iluminação e alarme, segurança"
640,Cabine,Iluminação de Emergência,"falta iluminação e alarme, segurança"
644,Cabine,Iluminação de Emergência,"inoperante, alarme inoperante"
672,Cabine,Iluminação de Emergência,"inoperante, segurança, salvamento"
1497,Cabine,Iluminação de Emergência,Falta iluminação de emergência.
1070,Poço,Infiltração,"infiltração no poço, deve ser seco, arejado, etc"
233,Máquina de Tração,Instalações Elétricas,"terminais, fiação frouxa"
1545,Máquina de Tração,Instalações Elétricas,"iluminação de emergência inoperante, norma"
224,Máquina de Tração,Instalações Elétricas,OK
225,Máquina de Tração,Instalações Elétricas,"calha condutora, aterramento"
226,Máquina de Tração,Instalações Elétricas,fiação de aterramento frouxa
230,Máquina de Tração,Instalações Elétricas,fiações no motor expostas (fora de condutos)
232,Máquina de Tração,Instalações Elétricas,terminais expostos
1200,Máquina de Tração,Instalações Elétricas,ligação frouxa no terminal na caixa de ligações podendo causar queima do motor
21,Casa de Maquinas,Instalações Elétricas,explicação de como deve ser
30,Casa de Maquinas,Instalações Elétricas,"iluminação de emergência, norma"
33,Casa de Maquinas,Instalações Elétricas,canaleta de piso
41,Casa de Maquinas,Instalações Elétricas,"Iluminação deficiente, luz de emergência"
46,Casa de Maquinas,Instalações Elétricas,"tomadas, identificação das tensões, fiação exposta"
47,Casa de Maquinas,Instalações Elétricas,"fiação exposta, conduites"
48,Casa de Maquinas,Instalações Elétricas,tomadas
49,Casa de Maquinas,Instalações Elétricas,"lampada inoperante, boa iluminação"
997,Casa de Maquinas,Instalações Elétricas,fiações do sistema de aterramento expostas
1093,Casa de Maquinas,Instalações Elétricas,falta identificação visual da tomada
1097,Casa de Maquinas,Instalações Elétricas,Falta identificação de tensão nas tomadas
1194,Casa de Maquinas,Instalações Elétricas,sem tomada elétrica
1226,Casa de Maquinas,Instalações Elétricas,"fiações com partes vivas expostas, grau de proteção IP 2X"
1231,Casa de Maquinas,Instalações Elétricas,interruptor para alimentação da casa de máquinas está fora da casa de máquinas
1232,Casa de Maquinas,Instalações Elétricas,falta interruptor para alimentação da iluminação da caixa
1222,Quadro de Força,Instalações Elétricas,"Fiação exposta, regularização"
1227,Quadro de Força,Instalações Elétricas,"fiações com partes vivas expostas, grau de proteção IP 2X"
984,Quadro de Comando,Instalações Elétricas,"soldas frias, funcionamento intermitente"
418,Caixa de Corrida,Instalações Elétricas,fiações estranhas
420,Caixa de Corrida,Instalações Elétricas,"improvisadas, sucateamento"
427,Caixa de Corrida,Instalações Elétricas,"falta aterramento, norma"
436,Caixa de Corrida,Instalações Elétricas,"fiações expostas, norma"
447,Caixa de Corrida,Instalações Elétricas,"proteção da fiação, norma"
448,Caixa de Corrida,Instalações Elétricas,"proteção da fiação, norma"
1233,Caixa de Corrida,Instalações Elétricas,falta interruptor para alimentação da iluminação da caixa
683,Cabine,Instalações Elétricas,"em desarranjo, reinstalação"
684,Cabine,Instalações Elétricas,"em desarranjo, reinstalação, norma"
743,Cabine,Instalações Elétricas,"fiações expostas, sem identificação, norma"
744,Cabine,Instalações Elétricas,"fiações expostas, norma"
745,Cabine,Instalações Elétricas,"fiações expostas, norma"
746,Cabine,Instalações Elétricas,"fiações em desarranjo, expostas, norma"
747,Cabine,Instalações Elétricas,"fiações em desarranjo, expostas, reinstalação"
869,Cabine,Instalações Elétricas,"em desarranjo, pisoteio, mau contato, falhas"
1204,Cabine,Instalações Elétricas,
1257,Cabine,Instalações Elétricas,módulos eletrônicos sobre a cabina com acúmulo de resíduos
809,Poço,Instalações Elétricas,"ponto de luz e tomada, norma"
631,Cabine,Intercomunicação,incapaz de fazer chamada dos 3 pontos
643,Cabine,Intercomunicação,"inoperante, segurança, salvamento"
673,Cabine,Intercomunicação,"inoperante, segurança, salvamento"
368,Quadro de Comando,Interfone,"chamada nos 3 pontos, regularização"
1087,Cabine,Interfone,"não faz chamada dos três pontos, norma"
1088,Cabine,Interfone,"identificar o carro que pediu socorro, norma"
936,Porta de Pavimento,Interruptor de Segurança,"montado errado, ao contrário"
789,Poço,Interruptor de Segurança,"inoperante, segurança"
801,Poço,Interruptor de Segurança,"falta botão tipo soco, norma"
805,Poço,Interruptor de Segurança,"não atende a norma, tipo soco, norma"
808,Poço,Interruptor de Segurança,deve haver um botão tipo soco para cada elevador
810,Poço,Interruptor de Segurança,norma
812,Poço,Interruptor de Segurança,"não está acessível, norma"
29,Casa de Maquinas,Janela,"chuva, equipamentos expostos"
1039,Caixa de Corrida,Limites Inferiores,alavanca do limite desalinhada
857,Poço,Limites Inferiores,"falta trava de segurança, segurança"
858,Poço,Limites Inferiores,"arame no lugar de trava, segurança"
859,Poço,Limites Inferiores,"faltando tampa, sujeira"
860,Poço,Limites Inferiores,rolete danificado
861,Poço,Limites Inferiores,ok
699,Cabine,Lubrificação das Guias,"inadequada, óleo em excesso, gotejamento"
472,Caixa de Corrida,Lubrificador Automático,falta um
235,Máquina de Tração,Mancal,"óleo, vazamento para as escovas podendo causar queima do motor"
236,Máquina de Tração,Mancal,falta lubrificação
237,Máquina de Tração,Mancal,"falta óleono mancal do motor de tração, consequências, regularização"
142,Máquina de Tração,Máquina de Tração,parafusos soltos sobre a máquina de tração
144,Máquina de Tração,Máquina de Tração,"vazamento de óleo pelo redutor, acompanhamento e manutenção"
145,Máquina de Tração,Máquina de Tração,nível de óleo no conjunto redutor acima do recomendado
146,Máquina de Tração,Máquina de Tração,acúmulo de sujeira no visor impedindo a inspeção
147,Máquina de Tração,Máquina de Tração,"vibração, desalinhamento"
148,Máquina de Tração,Máquina de Tração,borrachas danificadas
1534,,"máquina de tração, vazamento de óleo",vazamento de óleo em excesso na máquina de tração
524,Porta de Pavimento,Mecanismo das Portas,equipamento depreciado
892,Porta de Pavimento,Mecanismo das Portas,"roldanas danificadas, escape, trepidações"
987,Porta de Pavimento,Mecanismo das Portas,"roldanas danificadas, escape, trepidações"
395,Quadro de Comando,Módulos Eletrônicos,"azinhavre, mau contato, regularização"
396,Quadro de Comando,Módulos Eletrônicos,recuperação improvisada
397,Quadro de Comando,Módulos Eletrônicos,danificado por sobreaquecimento
274,Freio de Segurança,Molas,"mola deformada, recomendação de substituição, uma vez que o reparo é complicado"
473,Caixa de Corrida,Molas da Suspensão,"faltam as molas, equalização, conforto"
476,Caixa de Corrida,Molas da Suspensão,"faltam as molas, equalização, conforto, norma"
491,Caixa de Corrida,Molas da Suspensão,"mola quebrada, explicação"
502,Caixa de Corrida,Molas da Suspensão,"foram suprimidas, explicação, regularização"
956,Caixa de Corrida,Molas da Suspensão,"molas quebradas, afrouxamento dos cabos"
1051,Caixa de Corrida,Molas da Suspensão,"molas quebradas, afrouxamento dos cabos, manutenção"
407,Quadro de Comando,Molas de Pulso,danificadas
409,Quadro de Comando,Molas de Pulso,danificadas
277,Freio de Segurança,Mordente do Limitador,"descaracterização, capacidade de atuação"
1251,Cabine,Nivelamento,"elevador não fazendo bom nivelamento, acionamento por quadro eletromecânico"
215,Máquina de Tração,Nova Nota,isolamento carbonizados
218,Máquina de Tração,Nova Nota,"partes internas, sujeira, ressecamento"
1248,Freio de Segurança,Nova Nota,"Canal da polia desgastada, cabo se apoiado no fundo do canal"
1247,Quadro de Comando,Nova Nota,Adulteração de fusíveis
1224,Caixa de Corrida,Nova Nota,qualidade dos cabos de comando
1249,Caixa de Corrida,Nova Nota,Cabo frouxo no borne
1225,Porta de Pavimento,Nova Nota,bitola dos fios dos circuitos de de segurança das portas
1230,Porta de Pavimento,Nova Nota,proteção mecânica no circuito de segurança das portas
1223,Cabine,Nova Nota,"Fiações expostas, NM207"
1228,Cabine,Nova Nota,
1229,Cabine,Nova Nota,fiações expostas
1205,,Nova Nota,
1206,,Nova Nota,
1207,,Nova Nota,
792,Poço,Óleo no Poço,"lubrificação inadequada, contaminação, afugenta técnicos"
758,Cabine,Operador de Portas,explicação do mecanismo
759,Cabine,Operador de Portas,"óleo, gotejamento"
762,Cabine,Operador de Portas,"correia danificada, segurança, programar substituição"
764,Cabine,Operador de Portas,cabo de arraste com arames quebrados
766,Cabine,Operador de Portas,"falta tampa dos terminais, equipamento exposto, norma"
768,Cabine,Operador de Portas,"sujeira, pesado ruidoso, mau contato, manutenção"
769,Cabine,Operador de Portas,"contatos de abertura e fechamento expostos, sujeira"
770,Cabine,Operador de Portas,"corrente de acionamento deteriorada, desgaste"
772,Cabine,Operador de Portas,"borracha batente danificada, funcionamento ruidoso"
870,Cabine,Operador de Portas,"rampa móvel substituida por perfil U, esforço adicional"
912,Cabine,Operador de Portas,"faltam tampas, fiações expostas, falhas de funcionamento"
1059,Cabine,Operador de Portas,mecanismo colidindo contra roletes
716,Cabine,Para Choques,"falta óleo, segurança"
28,Casa de Maquinas,Paredes e Teto,"infiltração, vida útil"
35,Casa de Maquinas,Paredes e Teto,"gancho, carga máxima"
1030,Cabine,Parte Superior da Cabina,bagunça e sujeira sobre a cabina
1064,Cabine,Parte Superior da Cabina,inspecionado OK
929,Cabine,Pesador de Carga,com calibração desajustada
1024,Cabine,Pesador de Carga,desajustado
37,Casa de Maquinas,Piso,"abertura, cabos"
1537,Caixa de Corrida,"poço, sujeira",quando a sujeira no poço está braba e não dá para entrar
853,Poço,Polia da Fita Seletora,"contato eliminado, calçado com papelão, segurança"
847,Poço,Polia de Compensação,"contato eliminado, segurança"
850,Poço,Polia de Compensação,falta lubrificação e limpeza
851,Poço,Polia de Compensação,"limites desajustados, paralização involuntária"
155,Máquina de Tração,Polia de Tração,a proteção de polia usada nao atende a norma
157,Máquina de Tração,Polia de Tração,recomenda-se instalação de proteção anti-pulo nas polias
159,Máquina de Tração,Polia de Tração,falta graxa na tampa porta graxa da graxeira do mancal
160,Máquina de Tração,Polia de Tração,falta óleo lubrificante nos mancais
162,Máquina de Tração,Polia de Tração,deslizamento devido a excesso de lubrificante e sujeira
165,Máquina de Tração,Polia de Tração,"vida útil consumida pelo uso natural, esgotamento do tracionamento, substituição do conujunto"
166,Máquina de Tração,Polia de Tração,"esgotamento da lubrificação dos cabos, relubrificação"
169,Máquina de Tração,Polia de Tração,"deslizamento, falta de regulagem"
174,Máquina de Tração,Polia de Tração,"cabos de tração secos, esmerilhamento com a polia, acúmulo de limalha no piso"
191,Máquina de Tração,Polia de Tração,"aprofundamento desuniforme dos canais, avaliar entre repasse da polia ou substituição do conjunto"
192,Máquina de Tração,Polia de Tração,"desgaste natural do conjunto cabos/polia, acompanhamento e substituição em médio prazo"
193,Máquina de Tração,Polia de Tração,"nivelamento OK, limpeza"
896,Máquina de Tração,Polia de Tração,"resíduos de construção civil, tracionamento, desgaste"
1167,Máquina de Tração,Polia de Tração,falta a instalação da proteção de polia
1533,,Polia de Tração,polia de tração desgastada mas cabos ainda Ok.
285,Freio de Segurança,Polia do Limitador,"canal da polia desgastada, cabo se apoiado no fundo do canal, substituição do limitador"
286,Freio de Segurança,Polia do Limitador,"descaracterização, imprópria ao uso"
835,Poço,Polia Tensora,arrastando-se contra a parede
836,Poço,Polia Tensora,ok
838,Poço,Polia Tensora,"arriada, regularização"
840,Poço,Polia Tensora,"contato eliminado, segurança"
841,Poço,Polia Tensora,"falta circuito de segurança, norma"
843,Poço,Polia Tensora,"contato da polia tensora eliminado, segurança"
844,Poço,Polia Tensora,"desregulada, torcida, desgaste"
848,Poço,Polia Tensora,"falta circuito de segurança, regularização"
849,Poço,Polia Tensora,"falta circuito de segurança, regularização, polia arriada"
406,Quadro de Comando,Ponte de Contato,"danificada, desgaste prematuro"
408,Quadro de Comando,Ponte de Contato,rompida
701,Cabine,Porta da Cabina,"flexiveis, colisão"
776,Cabine,Porta da Cabina,"correduças desgastadas, funcionamento ruidoso"
778,Cabine,Porta da Cabina,"hastes impedindo fechamento total, acidentes"
779,Cabine,Porta da Cabina,"borracha batente danificada, funcionamento ruidoso"
781,Cabine,Porta da Cabina,"marcas, colisão do facão, segurança"
783,Cabine,Porta da Cabina,"circuito eliminado, segurança"
784,Cabine,Porta da Cabina,"contáto da régua eliminado, acidentes"
785,Cabine,Porta da Cabina,"contato da aba inoperante, acidentes"
934,Cabine,Porta da Cabina,"porta flexível demais, segurança"
1029,Cabine,Porta da Cabina,porta da cabina muito flexível
1498,Cabine,Porta da Cabina,Abrindo demais quando forçada manualmente
1539,Cabine,Porta da Cabina,"correduças desgastadas, funcionamento ruidoso"
1546,Casa de Maquinas,porta da casa de máquinas,a porta agarra ao fechar
1540,Cabine,porta de cabine,porta arranhando no marco ao abrir
1501,Porta de Pavimento,Porta de Pavimento,folga excessiva entre a porta de pavimento e o marco da porta
1550,,"porta de pavimento manual, contato","contato de porta desfazendo quando a porta é puxada, porta manual"
1056,Casa de Maquinas,Portinhola de Inspeção,"portinhola não atende à norma, como deve ser"
1169,Quadro de Força,Posicionamento,"posicionamento dos quadros, norma"
1171,Caixa de Corrida,Posicionamento,"folga cabina-contrapeso muito pequena, norma"
453,Caixa de Corrida,Posicionamento do Cabo,"roçando nas estruturas, norma, proteção"
454,Caixa de Corrida,Posicionamento do Cabo,"roçando nas estruturas, norma, proteção"
455,Caixa de Corrida,Posicionamento do Cabo,"cabos rompendo, cabos de TV"
456,Caixa de Corrida,Posicionamento do Cabo,"cabos rompendo, cabos de TV, norma, regularização"
457,Caixa de Corrida,Posicionamento do Cabo,laçadas
460,Caixa de Corrida,Posicionamento do Cabo,"fixados formando ""alça"""
1073,Caixa de Corrida,Posicionamento do Cabo,cabo roçando nas quinas
508,Caixa de Corrida,Posicionamento do Cabo,"roçando na parede, ruído, abafador de ruídos"
932,Freio de Segurança,Proteção da Polia,"proteção da polia, parafusor tipo fenda de difícil retirada"
251,Freio de Segurança,Proteção do Limitador,fixação
254,Freio de Segurança,Proteção do Limitador,proteção do limitador prejudica inspeção
402,Quadro de Comando,Quadro Seletor,"sistema obsoleto, falhas de funcionamento"
403,Quadro de Comando,Quadro Seletor,"sistema obsoleto, falhas de funcionamento"
412,Quadro de Comando,Quadro Seletor,"sistema obsoleto, falhas de funcionamento"
765,Cabine,Rampa Móvel,"colisão na caixa, folgas"
773,Cabine,Rampa Móvel,"com folga, colisão, acidentes"
949,Cabine,Rampa Móvel,"parafusos frouxos, deslocamento, acidentes"
1044,Cabine,Rampa Móvel,"com folgas, acidentes"
761,Cabine,Régua Eletrônica,"falta instalar, explicação do mecanismo"
774,Cabine,Régua Eletrônica,"régua de segurança, substituição, idosos"
780,Cabine,Régua Eletrônica,"sensor de aproximação, substituição"
948,Cabine,Régua Eletrônica,"com folga, deslocamento, colisão com o topo da rampa"
1043,Cabine,Régua Eletrônica,"régua com folgas, acidentes"
381,Quadro de Comando,Relés,"faltam tampas, falta proteção, poeira"
382,Quadro de Comando,Relés,"vista dos relés, ok"
383,Quadro de Comando,Relés,dificuldade de atracamento e sequenciamento
384,Quadro de Comando,Relés,"contatos desgastados, mal funcionamento"
385,Quadro de Comando,Relés,"faltando grampos, vibrações, falha de funcionamento"
386,Quadro de Comando,Relés,"relés sem capa, carbonização"
890,Quadro de Comando,Relés,"faltando grampos, vibrações, falha de funcionamento"
911,Quadro de Comando,Relés,"relés faltando grampos, carbonização, falha de funcionamento"
517,Porta de Pavimento,Resíduos de Construção,"nas corrediças, fechamento automático comprometido"
518,Porta de Pavimento,Resíduos de Construção,nos indicadores de porta
556,Porta de Pavimento,Resíduos de Construção,"nas soleiras, desgaste, mau funcionamento"
581,Porta de Pavimento,Resíduos de Construção,"nas corrediças, mau funcionamento, desgaste"
595,Porta de Pavimento,Resíduos de Construção,reboco soltando nos marcos
877,Porta de Pavimento,Resíduos de Construção,"resíduos de construção das estruturas e mecanismos das portas. funcionamento pesado, desgaste, falhas"
894,Poço,Resíduos de Construção,"entulho no fundo do poço, higiene"
988,Cabine,Rolos da Guia,devem ser substituidos
696,Cabine,Separador de Cabos,"falta separador, vibrações, conforto"
510,Porta de Pavimento,Setas e Indicadores,"predio comercial, indicador em todos os andares"
512,Porta de Pavimento,Setas e Indicadores,"predio comercial, indicador em todos os andares"
513,Porta de Pavimento,Setas e Indicadores,"obras civis inacabadas, assentamento das botoeiras"
519,Porta de Pavimento,Setas e Indicadores,leds queimados
194,Máquina de Tração,Sinalizações,"identificação, idioma local, norma"
196,Máquina de Tração,Sinalizações,falta placa de dados técnicos
197,Máquina de Tração,Sinalizações,falta seta indicativa do sentido de subida e descida
198,Máquina de Tração,Sinalizações,"dados técnicos, dificil legibilidade"
199,Máquina de Tração,Sinalizações,"falta a identificação dos elevadores e seus componentes, conforme norma"
38,Casa de Maquinas,Sinalizações,"identificação dos equipamentos, norma"
50,Casa de Maquinas,Sinalizações,aviso alçapão
250,Freio de Segurança,Sinalizações,"falta, dados técnicos, norma"
252,Freio de Segurança,Sinalizações,"dados técnicos, mal posicionado"
257,Freio de Segurança,Sinalizações,"falta placa de dados técnicos, norma"
261,Freio de Segurança,Sinalizações,falta sentido de rotação de acionamento do freio de segurança
265,Freio de Segurança,Sinalizações,"dados técnicos em outro idioma, norma"
268,Freio de Segurança,Sinalizações,"placa está pintada, ilegível"
301,Freio de Segurança,Sinalizações,faltam marcas indicativas para nivelamento nos cabos
1061,Freio de Segurança,Sinalizações,"identificação dos limitadores, dois por máquina"
335,Quadro de Força,Sinalizações,identificação do quadro
1076,Quadro de Força,Sinalizações,identificação em local visível
1090,Quadro de Força,Sinalizações,quadro de força com vária identificações diferentes
1212,Quadro de Força,Sinalizações,falta aviso para diferenciar os interruptores principais e os de iluminação
1217,Quadro de Força,Sinalizações,a máquina e o quadro de força devem ter identificações iguais
362,Quadro de Comando,Sinalizações,indentificação nos circuitos
364,Quadro de Comando,Sinalizações,orientação de sinalizações
1077,Quadro de Comando,Sinalizações,"identificação somente na porta, porta removível"
946,Caixa de Corrida,Sinalizações,"falta pintura da faixa, norma"
1041,Caixa de Corrida,Sinalizações,faixa amarela do contrapeso
965,Caixa de Corrida,Sinalizações,"falta pintura da faixa, norma"
1079,Caixa de Corrida,Sinalizações,"identificação para grupo de elevadores, norma"
1074,Porta de Pavimento,Sinalizações,"falta codificação em braile, norma"
664,Cabine,Sinalizações,faltam sinalizações indicativas
666,Cabine,Sinalizações,"faltam sinalizações indicativas, braile"
667,Cabine,Sinalizações,falta placa da empresa responsável
679,Cabine,Sinalizações,falta indicativo capacidade de carga
686,Cabine,Sinalizações,"espaço sobre a cabina, paralelepípedo, pintar área"
794,Poço,Sinalizações,"paralelepípedo, pintar área"
796,Poço,Sinalizações,"placa de acesso restrito, interruptor"
738,Cabine,Sinalizadores de Posição,"chaves magnéticas, explicação do mecanismo"
739,Cabine,Sinalizadores de Posição,chaves magnéticas roçando com as placas de sinalização
740,Cabine,Sinalizadores de Posição,"sensores de aproximação, instalação improvisada"
979,Máquina de Tração,Sistema de Freio,"pinos das articulaçõees das balacas desgastados, manutenção, desmontagem e reparos"
417,Caixa de Corrida,Sistema de Iluminação,"luminárias danificadas, regularizar"
429,Caixa de Corrida,Sistema de Iluminação,recomendação da norma
434,Caixa de Corrida,Sistema de Iluminação,recomendação da norma
435,Caixa de Corrida,Sistema de Iluminação,recomendação da norma
1082,Caixa de Corrida,Sistema de Iluminação,"explicação de como deve ser, norma"
802,Poço,Sistema de Iluminação,inoperante
1198,Máquina de Tração,Sistema de Resgate,o sistema de resgate não atende a norma e a alavanca de abertura do freio está sujeita a travamento
242,Máquina de Tração,Sistema de Ventilação,"sistema de tiristores obsoleto, superaquecimento, vantagens do VVVF"
244,Máquina de Tração,Sistema de Ventilação,falta proteção da ventoinha do ventilador
246,Máquina de Tração,Sistema de Ventilação,"ventilação obstruída por sujeira, sobreaquecimento"
968,Cabine,Sistema de Ventilação,"dutos sujos, funcionamento ruidoso, contaminação, limpeza"
1063,Cabine,Sistema de Ventilação,"sujeira no sistema de ventilação, contaminação"
248,Máquina de Tração,Sistemas de Segurança,"bulbo térmico jumpeado, superaquecimento podendo causar queima do motor"
520,Porta de Pavimento,Soleiras das Portas,"inclinação para água escoar, norma"
584,Porta de Pavimento,Soleiras das Portas,falta angulação de 60o
587,Porta de Pavimento,Soleiras das Portas,faltam acabamentos e chumbações
928,Porta de Pavimento,Soleiras das Portas,"falta angulação de 60o, segurança"
951,Porta de Pavimento,Soleiras das Portas,parafusos devem ser de cabeça rebaixada
760,Cabine,Soleiras das Portas,"folga excessiva entre soleira da cabina e do pavimento, norma"
654,Cabine,Subteto,"grelhas fora de posição, sujeitas a queda"
656,Cabine,Subteto,"placas de acrílico quebradas, queda"
657,Cabine,Subteto,"parte externa visível através da grelha, insegurança"
660,Cabine,Subteto,"falta subteto, depreciação, insegurança"
674,Cabine,Subteto,"fixação frouxa, queda do subteto"
359,Quadro de Comando,Sujeira,sujeira no quadro
973,Quadro de Comando,Sujeira,"sujeira, mau funcionamento, falhas, aquecimento, limpeza"
1021,Quadro de Comando,Sujeira,bagunça e sujeira no quadro
1025,Quadro de Comando,Sujeira,resíduos de construção civil no quadro
1068,Quadro de Comando,Sujeira,"sujeira, falhas, ótima nota, quadro eletromecânico"
516,Porta de Pavimento,Sujeira,"na soleira das portas, funcionamento pesado"
544,Porta de Pavimento,Sujeira,"nos fechos eletromecânicos, funcionamento pesado"
553,Porta de Pavimento,Sujeira,"na parte superior das portas, higiene, limpeza"
562,Porta de Pavimento,Sujeira,"nas estruturas, funcionamento pesado, desgaste, limpeza"
563,Porta de Pavimento,Sujeira,"nas estruturas, funcionamento pesado, desgaste, limpeza"
579,Porta de Pavimento,Sujeira,"nos tubos de pesos, limpeza"
593,Porta de Pavimento,Sujeira,"nas soleiras, desgaste, mau funcionamento"
594,Porta de Pavimento,Sujeira,"nos tubos de pesos, limpeza"
602,Porta de Pavimento,Sujeira,"nas estruturas, funcionamento pesado, desgaste, limpeza"
605,Porta de Pavimento,Sujeira,"nas estruturas, mau contato elétrico, paralização"
624,Porta de Pavimento,Sujeira,"nos fechos eletromecânicos, impedem o funcionamento"
625,Porta de Pavimento,Sujeira,nos fechos eletromecânicos
693,Cabine,Sujeira,"óleo, gotejamento, combustível"
694,Cabine,Sujeira,"sujeira e óleo, higiene"
695,Cabine,Sujeira,"sujeira e óleo, suspensão e mecanismos, higiene"
712,Cabine,Sujeira,"estopas e sucatas, acidentes, regularização"
713,Cabine,Sujeira,"no freio de segurança, limpeza, regulagem, teste"
720,Cabine,Sujeira,"no freio de segurança, limpeza, regulagem, teste"
737,Cabine,Sujeira,"cabo de acionamento desenrolado, inoperante, segurança"
767,Cabine,Sujeira,"no operador de portas, pesado ruidoso, vida útil"
777,Cabine,Sujeira,"na porta da cabina, funcionamento pesado, higiene"
786,Cabine,Sujeira,"no operador de portas, pesado ruidoso, ressecamento"
800,Poço,Sujeira,falta higienizalção do poço
806,Poço,Sujeira,"vista geral, limpeza"
837,Poço,Sujeira,"na polia tensora, travamento, segurança"
839,Poço,Sujeira,"no cabo do limitador, operacionalidade, segurança"
845,Poço,Sujeira,"na polia tensora, travamento, segurança, regularização"
852,Poço,Sujeira,"na polia tensora, resecada"
854,Poço,Sujeira,"na polia tensora da fita seletora, limpeza"
551,Porta de Pavimento,Suspensões,"suspensões com folga, escape, segurança"
557,Porta de Pavimento,Suspensões,"com folga, escape das carretilhas, acidentes"
601,Porta de Pavimento,Suspensões,"com folga, escape das carretilhas, acidentes"
952,Porta de Pavimento,Suspensões,faltam parafusos nos porta-corrediças
1072,Cabine,Teste de Carga,Explicação do teste
957,Freio de Segurança,Tinta,tinta aplicada sobre sujeira colando o limitador
1062,Freio de Segurança,Tinta,tinta colando o limitador
474,Caixa de Corrida,Tirantes,sucatas como trava de segurança
487,Caixa de Corrida,Tirantes,"tubos frouxos, ruídos"
488,Caixa de Corrida,Tirantes,"tirantes roçando entre si, ruídos"
545,Porta de Pavimento,Trincos de Porta,"faltando tampa, partes sob tensão, sujeira, segurança"
548,Porta de Pavimento,Trincos de Porta,"tampa de acrílico, material frágil e quebradiço"
578,Porta de Pavimento,Trincos de Porta,"contatos elétricos desajustados, norma"
592,Porta de Pavimento,Trincos de Porta,presos por acúmulo de sujeira
609,Porta de Pavimento,Trincos de Porta,"contatos elétricos desregulados, falso travamento, segurança"
614,Porta de Pavimento,Trincos de Porta,"contato preso por sujeira, falso travamento"
628,Porta de Pavimento,Trincos de Porta,"trinco desajustado, falso fechamento, segurança"
629,Porta de Pavimento,Trincos de Porta,"falhando, paralizações"
888,Quadro de Força,Uso Exclusivo,alimentação de outros circuitos a partir do circuito de alimentação da máquina
1080,Caixa de Corrida,Uso Exclusivo,"uso exclusivo, norma"
791,Poço,Uso Exclusivo,equipamento estranho
981,Máquina de Tração,Vazamento,"vazamento de graxa, consequências"
1193,Casa de Maquinas,Ventilação,"como deve ser a ventilação, norma"
634,Cabine,Ventilação,"deficiente, aberturas de ventilação, norma"
635,Cabine,Ventilação,"deficiente, aberturas de ventilação, norma"
636,Cabine,Ventilação,"deficiente, aberturas de ventilação"
637,Cabine,Ventilação,"pás do ventilador expostas, acidentes"
648,Cabine,Ventilação,ventoinha ruidosa
649,Cabine,Ventilação,"falta de energia, importante ventilação natural"
653,Cabine,Ventilação,fiações do ventilador soltas
655,Cabine,Ventilação,"pás do ventilador expostas, acidentes"
670,Cabine,Ventilação,"duto esmagado, impedindo ventilação"
677,Cabine,Ventilação,recomendação para ventilação natural
1541,Cabine,ventilação,grade difusora de ar solta
1188,Máquina de Tração,Volante,volante tipo chifre
1314,Máquina de Tração,,"máquina foi inspecionada, ok"
1320,Máquina de Tração,,contato de confirmação de abertura do freio inoperante
1365,Máquina de Tração,,Desbalanceamento de rotores
1366,Máquina de Tração,,Desbalanceamento de rotores: Whirling
1368,Máquina de Tração,,Controle de Vibrações
1374,Máquina de Tração,,parecer técnico sobre os cabos de tração
1375,Máquina de Tração,,"parada do elevador em casos de: 1)dar partida e a maquina nao girar 2)dar partida, haver obstáculo, e os cabos deslizarem na polia"
1381,Máquina de Tração,,"máquina mrls atlas schindler, testada OK"
1382,Máquina de Tração,,"acúmulo de resíduos de construção civil sobre a máquina, MRLS"
1385,Máquina de Tração,,"máquina de tração MRLS inspecionada, OK"
1395,Máquina de Tração,,molas de equalização de tensão
1423,Máquina de Tração,,Motor sem bulbo térmico
1439,Máquina de Tração,,cabo aprofundado no canal da polia
1466,Máquina de Tração,,"freio bobina simples, adequação à norma atual"
1467,Máquina de Tração,,dispositivo de lubrificação automatina não atuando e pequeno demais
1470,Máquina de Tração,,funcionamento ruidoso no teste de carga
1472,Máquina de Tração,,"pericia Ed. Iberia, cabo solto"
1483,Máquina de Tração,,"Um dos cabos frouxo, desgaste e esmerilhamento"
1484,Máquina de Tração,,Informação Técnica: Cabos e Polias
1485,Máquina de Tração,,Cabos de tração girando muito.
1491,Máquina de Tração,,borracha dos pinos de acoplamento entre motor e redutor desgastadas.
1492,Máquina de Tração,,"falha de montagem, desalinhamento entre eixo do motor e do redutor"
1544,Máquina de Tração,,máquina sem identificação
1284,Casa de Maquinas,,"uso de extintor de pó quimico, ao inves de CO2"
1312,Casa de Maquinas,,porta sem fechamento e travamento autonomo
1313,Casa de Maquinas,,"portinhola de grade (perfurada), sem fechamento automático e sem contato"
1343,Casa de Maquinas,,escada sem corrimao no acesso a casa de maquinas. 7192
1344,Casa de Maquinas,,O piso da casa de máquinas deve ser substancialmente horizontal e plano.
1345,Casa de Maquinas,,abertura excessiva no piso
1354,Casa de Maquinas,,abertura sem ressalto
1390,Casa de Maquinas,,"fechadura, abertura pela parte interna sem uso da chave"
1407,Casa de Maquinas,,"porta de acesso à casa de máquinas, requisitos"
1417,Casa de Maquinas,,gancho sem indicação de carga
1418,Casa de Maquinas,,"caminho de acesso a casa de máquinas com altura menor do que 2,0 m"
1419,Casa de Maquinas,,escada de acesso a casa de maquinas nao atende a norma
1420,Casa de Maquinas,,o fechamento da casa de máquinas não atende a norma
1425,Casa de Maquinas,,"A porta de acesso não atende à Norma NM 207, pelos seguintes motivos:"
1434,Casa de Maquinas,,escada para segundo nível da casa de máquinas sem balaustrada
1457,Casa de Maquinas,,ok
1463,Casa de Maquinas,,limpeza da casa de máquinas
1495,Casa de Maquinas,,"A porta de acesso não atende à Norma NM 207, "
1547,Casa de Maquinas,,recomendação cadeado ao invés de presilha
1481,Casa de Maquinas1,,"Fiações expostas, por fora da parede, na casa de máquinas"
1307,Freio de Segurança,,"massa e resíduos de construção no cabo do limitador, recebimento"
1308,Freio de Segurança,,explicação do limitador de velocidade
1321,Freio de Segurança,,"explicação do limitador de velocidade, inspecionado, ok"
1358,Freio de Segurança,,cabo do limitador desalinhado da cunha
1373,Freio de Segurança,,mordente atuando não aciona o contato de segurança
1383,Freio de Segurança,,"limitador testado, OK, MRLS"
1424,Freio de Segurança,,contato do limitador desligado
1444,Freio de Segurança,,lacre do limitador de velocidade violado
1493,Freio de Segurança,,rolete danificado
1494,Freio de Segurança,,massa e tinta colando limitador.
1315,Quadro de Força,,"explicação do mecanismo, inspecionado, OK"
1421,Quadro de Força,,quadro de força sem fusíveis
1422,Quadro de Força,,quadro de força sem travamento mecânico
1446,Quadro de Força,,quadro de madeira
1473,Quadro de Força,,"fusível, o que é"
1306,Quadro de Comando,,aterramento frouxo no quadro
1319,Quadro de Comando,,quadro Ok somento com aterramento frouxo
1353,Quadro de Comando,,indicações para facilitar a compreensão da instalação elétrica
1359,Quadro de Comando,,extremidade do condutor exposto na ligação
1372,Quadro de Comando,,"quadro de comando sem irregularidades, ok"
1397,Quadro de Comando,,e-break inoperante
1411,Quadro de Comando,,"Fornecimento de equipamento, código de defesa do consumidor"
1431,Quadro de Comando,,relés sem grampos e sem capa
1432,Quadro de Comando,,cabos apoiando em bordas cortantes nos quadros
1433,Quadro de Comando,,chaves contatoras com contatos desgastados
1486,Quadro de Comando,,componente abandonado no quadro
1517,Quadro de Comando,,poeira quadro de comando
1260,Caixa de Corrida,,obra civil inacabada
1266,Caixa de Corrida,,bandeira com fixação frouxa
1270,Caixa de Corrida,,"luminarias quebradas, cobertas com massa, soltas"
1274,Caixa de Corrida,,"ganchos sem indicação de carga, 16042"
1276,Caixa de Corrida,,"obra civil inacabada, 16042"
1286,Caixa de Corrida,,bandeira com fixação frouxa
1305,Caixa de Corrida,,"massa depositada nos limites de percurso, recebimento"
1310,Caixa de Corrida,,portinhola de inspeção não pode ser perfurada. 16042
1311,Caixa de Corrida,,a portinhola de inspeção não pode ser perfurada
1318,Caixa de Corrida,,contato elétrico da portinhola colado por tinta
1333,Caixa de Corrida,,"soldas de guias mal feitas, recebimento"
1336,Caixa de Corrida,,contato da portinhola inoperante
1341,Caixa de Corrida,,caixa de corrida (MRLS) sem abertura para saida de fumaça
1360,Caixa de Corrida,,guias novas oxidando (utilizam rolos de guia)
1371,Caixa de Corrida,,aba de desvio
1398,Caixa de Corrida,,"portinhola de madeira, combustível"
1404,Caixa de Corrida,,caixa de corrida sem iluminação elétrica
1413,Caixa de Corrida,,"sujeira na caixa de corrida, modernização"
1448,Caixa de Corrida,,Fechamento de madeira na caixa de corrida
1455,Caixa de Corrida,,risco por contatos colados
1458,Caixa de Corrida,,Ok
1548,Caixa de Corrida,,poeira e sujeira nas estruturas da caixa de corrida
1278,Caixa de Corrida,,cabos roçando nas estruturas
1304,Caixa de Corrida,,cabo de comando danificado
1322,Caixa de Corrida,,"explicação dos cabos de comando, inspecionado, OK"
1400,Caixa de Corrida,,cabos roçando contra a parede da caixa de corrida
1478,Caixa de Corrida,,"cabos danificados, com fios expostos, emenda, e pegando na parede. Substituição."
1265,Caixa de Corrida,,lubrificador automático sem óleo
1279,Caixa de Corrida,,"contrapeso sem fixação adequada, 16042"
1316,Caixa de Corrida,,trava anti-pulo muito afastada
1328,Caixa de Corrida,,"inspecionado, OK"
1337,Caixa de Corrida,,suporte de rolo sem pino
1347,Caixa de Corrida,,tirantes sem pino
1348,Caixa de Corrida,,lubrificador automático do contrapeso sem óleo
1351,Caixa de Corrida,,tirantes do contrapeso sem pino
1355,Caixa de Corrida,,suporte dos rolos sem pino
1361,Caixa de Corrida,,resíduos de construção civil na proteção da polia. abrasão acelerada
1334,Caixa de Corrida,,explicação
1335,Caixa de Corrida,,fixação com pontos de solda
1369,Caixa de Corrida,,fixação da corrente de compensação em dupla laçãda
1436,Caixa de Corrida,,contato da polia tensora dos cabos de compensação em posição inoperante
1437,Caixa de Corrida,,cabos de compensação oxidados
1264,Porta de Pavimento,,"portas sem fazer fechamento automático, 7192"
1271,Porta de Pavimento,,"portas testadas, ok"
1291,Porta de Pavimento,,pinos dos contatos das portas pegando na estrutura do contato
1293,Porta de Pavimento,,portas sem aba corta fogo
1294,Porta de Pavimento,,"massa dos marcos arranhando as portas, recebimento "
1295,Porta de Pavimento,,rolete do dispositivo de arraste pegando na estrutura da porta
1296,Porta de Pavimento,,"massa e residuos de construção civil na soleira, recebimento"
1297,Porta de Pavimento,,"massa nos dispositivos da porta, recebimento"
1350,Porta de Pavimento,,rolete de arraste de porta danificado
1356,Porta de Pavimento,,ilhós de chave de destravamento de porta alto demais
1377,Porta de Pavimento,,pinos do contato de porta danificados
1414,Porta de Pavimento,,portas de pavimento com ilhós removidos
1427,Porta de Pavimento,,trincos de porta sem tampa
1438,Porta de Pavimento,,portas com ilhós que permitem uso de chave de fenda
1441,Porta de Pavimento,,reboco nos indicadores de posição. obra
1447,Porta de Pavimento,,sujeira porta
1487,Porta de Pavimento,,portas oxidadas
1518,Porta de Pavimento,,
1522,Porta de Pavimento,,contato sem tampa (identificar porta)
1538,Porta de Pavimento,,portas de pavimento sem irregularidades
1442,Porta de Pavimento,,resíduos de construção nas estruturas e mecanismos das portas
1258,Cabine,,contato desfazendo quando a porta é forçada
1267,Cabine,,cimento sobre a cabina
1268,Cabine,,porta da cabina nao abrindo para inspeção por pegar nos roletes da porta de pavimento de baixo
1269,Cabine,,"corrimao na cabina, acessibilidade, NM313"
1280,Cabine,,dispositivo de bloqueio
1287,Cabine,,alçapão sem contato
1298,Cabine,,"sujeira no subteto da cabina, recebimento"
1299,Cabine,,resíduos de construção no teto da cabina
1301,Cabine,,"resíduos de construção civil no operador de portas, recebimento"
1302,Cabine,,interfone não soa dentro da cabina
1303,Cabine,,"resíduos de construção civil no freio de segurança, recebimento"
1323,Cabine,,sujeira na porta da cabina
1324,Cabine,,interfone inoperante
1326,Cabine,,"folga excessiva entre soleira da cabina e do pavimento, norma"
1338,Cabine,,resíduos de construção civil sobre a cabina
1339,Cabine,,"botão do interfone operante, mas não soando nem acendendo dentro da cabina"
1340,Cabine,,dispositivos de segurança inoperantes
1352,Cabine,,tirantes da cabina sem pino
1357,Cabine,,tirante do cabo de tração sem pino
1364,Cabine,,"operador, explicação, inspecionado, ok"
1370,Cabine,,"cabina sem número de série, identificação"
1389,Cabine,,"cabina, ok"
1412,Cabine,,"Sem interfone. alarme e luz, OK"
1435,Cabine,,alçapão sem trava no teto da cabina
1443,Cabine,,"elevador novo, poeira de construção civil sobre a cabina e módulos"
1460,Cabine,,"Vistas gerais mostrando a parte superior, inferior e interior da cabina."
1471,Cabine,,distancia excessiva entre o contato e a alavanca de acionamento no freio de segurança
1479,Cabine,,sujeira acumulada no ventilador da cabina
1488,Cabine,,Contato de operador de portas com inserto desgastado
1489,Cabine,,"iluminação, alarme e interfone inoperantes na falta de energia"
1496,Cabine,,"cabina sem balaustrada, instalar. Norma"
1543,Cabine,,falta ventilador na cabine
1386,Cabine,,rampa móvel colidindo com a soleira. Folgas excessivas.
1392,Cabine,,balaustrada defletindo excessivamente
1393,Cabine,,rampa móvel colidindo com a soleira. 
1396,Cabine,,"dispositivo de bloqueio, faltando instalar o ponto de fixação na guia"
1408,Cabine,,"botoeira de controle, explicação do mecanismo"
1409,Cabine,,cabina dispensa instalação de guarda corpo
1461,Cabine,,"parte superior da cabina, OK"
1384,Cabine,,ventilação deficiente na cabina. NM 207
1394,Cabine,,"exatidão de nivelamento, soleira cabina pavimento"
1462,Cabine,,corrimão em apenas um lado
1468,Cabine,,contato de segurança sob a cabina inoperante
1476,Cabine,,graxeira freio de segurança totalmente comprimida
813,Poço,,"testado, ok"
1259,Poço,,falta pintura da area de segurança
1263,Poço,,polia tensora sem contato. Nbr 7192
1277,Poço,,"poço sem lâmpada, 16042"
1281,Poço,,falta pintura da area de segurança
1282,Poço,,poço sem interruptor da iluminação
1283,Poço,,"cabo antifurto embolado, elevador OTIS."
1289,Poço,,escada de acesso não atende à norma
1290,Poço,,escada não se estende até acima do nivel da soleira
1325,Poço,,escada não se estende até acima do nivel da soleira
1330,Poço,,"água no poço e sem escada, falta de manutenção"
1332,Poço,,visor do nível de óleo travado
1342,Poço,,"polia arriada, encurtamento do cabo"
1349,Poço,,contato da polia tensora inoperante
1376,Poço,,descrição do contato elétrico do amortecedor
1399,Poço,,"polia tensora, explicação do mecanismo"
1415,Poço,,poço sem interruptor para iluminação
1416,Poço,,polia arriada sem o contato ter cortado
1429,Poço,,contato dos circuitos do nível de óleo do amortecedor eliminado.
1430,Poço,,"polia tensora arriada, apoiando no braço de limite"
1453,Poço,,área de segurança muito pequena
1456,Poço,,identificação do interruptor de segurança
1469,Poço,,colisão do cabo do limitador com a proteção da polia
1474,Poço,,"botão soco, o que é"
1475,Poço,,botão soco inoperante
1480,Poço,,sujeira no poço
1216,,,
1218,,,
1261,,,identificação de equipamentos
1262,,,solicitação de dossie tecnico
1272,,,"recomendação, primeira pagina do laudo"
1275,,,
1285,,,
1292,,,"contato sem tampa, genérico"
1317,,,"instalação improvisada, sucateamento"
1329,,,recomendação sobre identificação dos elevadores: usar mesma identificação de projeto
1331,,,
1378,,,
1379,,,indicações em língua estrangeira
1380,,,termo de recebimento
1387,,,"limites de percurso, explicação do funcionamento"
1388,,,fechamento autônomo comprometido
1401,,,"O elevador deve ser entregue novo e sem danos, norma"
1402,,,O elevador deve ser entregue novo e sem danos. norma
1403,,,reinspeção capa
1410,,,correia do operador de portas ressecada
1440,,,nota no inicio do laudo recomendando atendimento à NM 207 em elevadores antigos
1449,,,
1450,,,poeira no inversor de frequência (MRLS)
1451,,,porta e operador OK
1452,,,testes de carga
1454,,,identificação de circuitos NBR 5410
1459,,,Nota de primeira página para inspeção final de recebimento de elevadores novos.
1464,,,Identificação dos equipamentos
1465,,,Portas sem ilhós de segurança
1477,,,identificação inconsistente dos componentes
1482,,,sinalização e identificação de compontentes incosistente ao longo da instalação
1490,,,
1502,,,poeira em componentes eletrônicos
1503,,,exigências de interfone e alarme 16042
1504,,,Exigência NBR NM 16858 para resgate elétrico
1505,,,Iluminação Emergência Cabina 16042
1506,,,Iluminação caixa de corrida 16042
1507,,,Iluminação de emergência 16042
1508,,,portas arranhadas
1509,,,"NM 207, porta abrindo demais quando forçada manualmente"
1510,,,abertura livre mínima das portas nm 207
1512,,,"Chave da acesso por técnico porta de pavimento, NM 207"
1513,,,fechamento automático NM 207
1515,,,"Portinhola de inspeção NM 16042
 "
1516,,,folgas entre folhas de porta e marco de porta
1519,,,
1520,,,porta abrindo demais quando forçada 16042
1521,,,fechamento automático de porta de pavimento NM 16042
1523,,,plataforma pegando na estrutura
1524,,,porta da plataforma ficando travada aberta.
1525,,,"ressalto na parede da caixa da plataforma, risco de acidente"
1526,,,Botão soco na plataforma
1527,,,botão de alarme na plataforma
1528,,,sistema de resgate em plataforma
1529,,,"sistema de resgate de plataforma, citação completa"
1530,,,
1531,,,fechamento e proteção da plataforma
1532,,,"placas de avisos, informações e sinalizações na plataforma"
1542,,,identificação errada nos elevadores (especificar)